{"cameraMode":{"drawMode":0,"name":"Shaded","section":"Shading Mode"},"sceneLighting":true,"audioPlay":false,"sceneViewState":{"m_AlwaysRefresh":false,"showFog":true,"showSkybox":true,"showFlares":true,"showImageEffects":true,"showParticleSystems":true,"showVisualEffectGraphs":true,"m_FxEnabled":true},"in2DMode":false,"pivot":{"x":-13.004671096801758,"y":8.322765350341797,"z":1.7114126682281495},"rotation":{"x":-0.24970552325248719,"y":0.2488069236278534,"z":-0.06672944128513336,"w":-0.9335141181945801},"size":15.351656913757325,"orthographic":false}