{"cameraMode":{"drawMode":0,"name":"Shaded","section":"Shading Mode"},"sceneLighting":true,"audioPlay":false,"sceneViewState":{"m_AlwaysRefresh":false,"showFog":true,"showSkybox":true,"showFlares":true,"showImageEffects":true,"showParticleSystems":true,"showVisualEffectGraphs":true,"m_FxEnabled":true},"in2DMode":false,"pivot":{"x":-0.11925840377807617,"y":1.1814899444580079,"z":3.250309944152832},"rotation":{"x":-0.285296767950058,"y":0.061245255172252658,"z":-0.018520530313253404,"w":-0.9563963413238525},"size":14.936305046081543,"orthographic":false}